workload,N,D,Q,K,seed,warmup_iterations,measured_iterations,cpu_e2e_ms,naive_kernel_ms,block_kernel_ms,warp_kernel_ms,warp_vs_naive_kernel_speedup,warp_vs_block_kernel_speedup,naive_e2e_ms,block_e2e_ms,warp_e2e_ms,warp_vs_naive_e2e_speedup,warp_vs_block_e2e_speedup,cpu_checksum,cuda_naive_checksum,cuda_block_checksum,cuda_warp_checksum,cpu_naive_checksum_abs_difference,cpu_block_checksum_abs_difference,cpu_warp_checksum_abs_difference,cpu_logical_processors,gpu,cuda_toolkit,compiler
primary_100k_d768,100000,768,4,10,42,2,5,154.434,64.447,7.879,6.918,9.315842729112461,1.1389129806302398,108.782,51.515,50.381,2.159186995097358,1.0225084853416964,2049631.471,2049631.459,2049631.517,2049631.47,0.011999999871477485,0.04600000008940697,0.0009999999310821295,20,NVIDIA GeForce RTX 3050 Ti Laptop GPU,12.9,GCC 11.4.0
dimension_d32,100000,32,4,10,42,2,5,5.939,0.521,5.347,0.888,0.5867117117117118,6.021396396396397,6.511,11.129,6.902,0.9433497536945813,1.612431179368299,9592937.185,9592937.152,9592937.097,9592937.097,0.032999999821186066,0.08800000138580799,0.08800000138580799,20,NVIDIA GeForce RTX 3050 Ti Laptop GPU,12.9,GCC 11.4.0
dimension_d64,100000,64,4,10,42,2,5,11.384,1.378,6.132,0.726,1.8980716253443526,8.446280991735536,8.677,13.864,7.938,1.0930964978584026,1.7465356512975563,6705981.983,6705981.949,6705981.948,6705981.931,0.03399999998509884,0.03500000014901161,0.05200000014156103,20,NVIDIA GeForce RTX 3050 Ti Laptop GPU,12.9,GCC 11.4.0
dimension_d128,100000,128,4,10,42,2,5,21.374,3.388,5.712,1.123,3.0169189670525376,5.086375779162956,14.291,16.46,11.562,1.2360318284033904,1.4236291299083206,5014392.114,5014392.158,5014391.993,5014391.999,0.04399999976158142,0.12100000027567148,0.11500000022351742,20,NVIDIA GeForce RTX 3050 Ti Laptop GPU,12.9,GCC 11.4.0
dimension_d256,100000,256,4,10,42,2,5,45.528,19.149,5.559,2.351,8.145044661846024,2.3645257337303276,37.141,23.18,19.898,1.8665695044728112,1.1649412001206152,3415550.648,3415550.707,3415550.635,3415550.644,0.05899999989196658,0.013000000268220901,0.004000000189989805,20,NVIDIA GeForce RTX 3050 Ti Laptop GPU,12.9,GCC 11.4.0
dimension_d512,100000,512,4,10,42,2,5,98.025,43.011,6.815,4.55,9.452967032967035,1.497802197802198,73.915,37.67,35.529,2.0804131835964985,1.0602606321596442,2558060.324,2558060.402,2558060.352,2558060.332,0.07799999974668026,0.027999999932944775,0.007999999914318323,20,NVIDIA GeForce RTX 3050 Ti Laptop GPU,12.9,GCC 11.4.0
dimension_d768,100000,768,4,10,42,2,5,148.862,63.601,7.975,6.985,9.10536864710093,1.141732283464567,109.778,51.193,51.987,2.1116432954392446,0.9847269509685113,2049631.471,2049631.459,2049631.517,2049631.47,0.011999999871477485,0.04600000008940697,0.0009999999310821295,20,NVIDIA GeForce RTX 3050 Ti Laptop GPU,12.9,GCC 11.4.0
dimension_d1024,100000,1024,4,10,42,2,5,209.618,88.739,10.016,9.268,9.574773413897281,1.0807078118256366,146.875,68.729,66.828,2.1978063087328663,1.0284461602920931,1835293.924,1835293.912,1835293.703,1835293.735,0.012000000104308128,0.2210000001359731,0.18900000001303852,20,NVIDIA GeForce RTX 3050 Ti Laptop GPU,12.9,GCC 11.4.0
small_10k_d128,10000,128,4,10,42,2,5,1.926,0.202,0.53,0.123,1.6422764227642277,4.308943089430895,2.345,2.547,2.05,1.1439024390243904,1.2424390243902441,410756.954,410756.948,410756.946,410756.944,0.006000000052154064,0.008000000030733645,0.010000000009313226,20,NVIDIA GeForce RTX 3050 Ti Laptop GPU,12.9,GCC 11.4.0
